id,email,name,password
1,user1@gmail.com,user1,password7121
2,user2@gmail.com,user2,password7640
3,user3@gmail.com,user3,password0203
4,user4@gmail.com,user4,password4119
5,user5@gmail.com,user5,password0880
6,user6@gmail.com,user6,password9635
7,user7@gmail.com,user7,password0781
8,user8@gmail.com,user8,password3290
9,user9@gmail.com,user9,password2534
10,user10@gmail.com,user10,password7782
11,user11@gmail.com,user11,password5717
12,user12@gmail.com,user12,password9006
13,user13@gmail.com,user13,password1316
14,user14@gmail.com,user14,password4149
15,user15@gmail.com,user15,password7013
16,user16@gmail.com,user16,password8976
17,user17@gmail.com,user17,password1895
18,user18@gmail.com,user18,password9766
19,user19@gmail.com,user19,password0067
20,user20@gmail.com,user20,password8686
21,user21@gmail.com,user21,password3410
22,user22@gmail.com,user22,password0160
23,user23@gmail.com,user23,password3602
24,user24@gmail.com,user24,password8383
25,user25@gmail.com,user25,password5052
26,user26@gmail.com,user26,password3533
27,user27@gmail.com,user27,password3729
28,user28@gmail.com,user28,password5633
29,user29@gmail.com,user29,password1037
30,user30@gmail.com,user30,password8245
31,user31@gmail.com,user31,password2334
32,user32@gmail.com,user32,password5223
33,user33@gmail.com,user33,password5975
34,user34@gmail.com,user34,password4829
35,user35@gmail.com,user35,password6687
36,user36@gmail.com,user36,password9774
37,user37@gmail.com,user37,password3927
38,user38@gmail.com,user38,password4547
39,user39@gmail.com,user39,password1447
40,user40@gmail.com,user40,password6104
41,user41@gmail.com,user41,password9088
42,user42@gmail.com,user42,password9264
43,user43@gmail.com,user43,password1289
44,user44@gmail.com,user44,password7544
45,user45@gmail.com,user45,password6739
46,user46@gmail.com,user46,password0886
47,user47@gmail.com,user47,password6034
48,user48@gmail.com,user48,password1010
49,user49@gmail.com,user49,password5454
50,user50@gmail.com,user50,password4127
51,user51@gmail.com,user51,password7894
52,user52@gmail.com,user52,password3020
53,user53@gmail.com,user53,password1843
54,user54@gmail.com,user54,password0315
55,user55@gmail.com,user55,password6081
56,user56@gmail.com,user56,password1547
57,user57@gmail.com,user57,password4239
58,user58@gmail.com,user58,password7417
59,user59@gmail.com,user59,password4048
60,user60@gmail.com,user60,password1576
61,user61@gmail.com,user61,password3481
62,user62@gmail.com,user62,password3239
63,user63@gmail.com,user63,password7620
64,user64@gmail.com,user64,password9915
65,user65@gmail.com,user65,password3880
66,user66@gmail.com,user66,password9361
67,user67@gmail.com,user67,password4091
68,user68@gmail.com,user68,password2121
69,user69@gmail.com,user69,password7144
70,user70@gmail.com,user70,password0662
71,user71@gmail.com,user71,password7478
72,user72@gmail.com,user72,password0539
73,user73@gmail.com,user73,password2968
74,user74@gmail.com,user74,password7173
75,user75@gmail.com,user75,password0928
76,user76@gmail.com,user76,password0942
77,user77@gmail.com,user77,password3390
78,user78@gmail.com,user78,password2221
79,user79@gmail.com,user79,password1627
80,user80@gmail.com,user80,password3357
81,user81@gmail.com,user81,password0438
82,user82@gmail.com,user82,password1315
83,user83@gmail.com,user83,password3743
84,user84@gmail.com,user84,password9990
85,user85@gmail.com,user85,password6801
86,user86@gmail.com,user86,password5885
87,user87@gmail.com,user87,password9096
88,user88@gmail.com,user88,password4375
89,user89@gmail.com,user89,password3354
90,user90@gmail.com,user90,password0891
91,user91@gmail.com,user91,password7095
92,user92@gmail.com,user92,password2109
93,user93@gmail.com,user93,password1296
94,user94@gmail.com,user94,password0593
95,user95@gmail.com,user95,password6692
96,user96@gmail.com,user96,password9272
97,user97@gmail.com,user97,password7706
98,user98@gmail.com,user98,password1141
99,user99@gmail.com,user99,password0708
100,user100@gmail.com,user100,password1576
101,admin@gmail.com,admin,password123
